{
  "disclaimer": "Usage subject to terms: https://openexchangerates.org/terms",
  "license": "https://openexchangerates.org/license",
  "timestamp": 1509638400,
  "base": "USD",
  "rates": {
    "AED": 3.672779,
    "AFN": 68.353994,
    "ALL": 114.41,
    "AMD": 483.065,
    "ANG": 1.783068,
    "AOA": 165.9225,
    "ARS": 17.5451,
    "AUD": 1.295018,
    "AWG": 1.790501,
    "AZN": 1.6985,
    "BAM": 1.6786,
    "BBD": 2,
    "BDT": 83.084109,
    "BGN": 1.675559,
    "BHD": 0.377748,
    "BIF": 1760,
    "BMD": 1,
    "BND": 1.359289,
    "BOB": 6.916246,
    "BRL": 3.2682,
    "BSD": 1,
    "BTC": 0.000141177202,
    "BTN": 64.785658,
    "BWP": 10.493159,
    "BYN": 1.977394,
    "BZD": 2.007844,
    "CAD": 1.280859,
    "CDF": 1577,
    "CHF": 0.99778,
    "CLF": 0.02345,
    "CLP": 630.5,
    "CNH": 6.610477,
    "CNY": 6.60875,
    "COP": 3055.39,
    "CRC": 568.64,
    "CUC": 1,
    "CUP": 25.5,
    "CVE": 94.85,
    "CZK": 22.000848,
    "DJF": 178.77,
    "DKK": 6.375277,
    "DOP": 48.025,
    "DZD": 115.009496,
    "EGP": 17.6509,
    "ERN": 15.341062,
    "ETB": 27.325,
    "EUR": 0.856715,
    "FJD": 2.062354,
    "FKP": 0.765241,
    "GBP": 0.765241,
    "GEL": 2.550104,
    "GGP": 0.765241,
    "GHS": 4.4025,
    "GIP": 0.765241,
    "GMD": 47.4,
    "GNF": 9005,
    "GTQ": 7.34454,
    "GYD": 207.840851,
    "HKD": 7.80295,
    "HNL": 23.604164,
    "HRK": 6.449156,
    "HTG": 63.119007,
    "HUF": 266.7975,
    "IDR": 13533.580047,
    "ILS": 3.503725,
    "IMP": 0.765241,
    "INR": 64.55,
    "IQD": 1183.5,
    "IRR": 34569.446723,
    "ISK": 105.954965,
    "JEP": 0.765241,
    "JMD": 126.685393,
    "JOD": 0.709804,
    "JPY": 113.8598125,
    "KES": 103.755,
    "KGS": 68.766981,
    "KHR": 4039,
    "KMF": 422.375,
    "KPW": 900,
    "KRW": 1113.776667,
    "KWD": 0.302615,
    "KYD": 0.832368,
    "KZT": 334.74,
    "LAK": 8319,
    "LBP": 1514.3,
    "LKR": 153.435231,
    "LRD": 119.35,
    "LSL": 14.02,
    "LYD": 1.38,
    "MAD": 9.4803,
    "MDL": 17.442964,
    "MGA": 3169.05,
    "MKD": 52.740996,
    "MMK": 1352.95,
    "MNT": 2451.87248,
    "MOP": 8.027124,
    "MRO": 355.5,
    "MUR": 34.2485,
    "MVR": 15.400126,
    "MWK": 725.135,
    "MXN": 19.007328,
    "MYR": 4.229762,
    "MZN": 61,
    "NAD": 13.99125,
    "NGN": 356,
    "NIO": 30.704379,
    "NOK": 8.14155,
    "NPR": 103.273759,
    "NZD": 1.444892,
    "OMR": 0.385026,
    "PAB": 1,
    "PEN": 3.354417,
    "PGK": 3.201207,
    "PHP": 51.375,
    "PKR": 105.2998,
    "PLN": 3.628038,
    "PYG": 5642.05,
    "QAR": 3.825,
    "RON": 3.939564,
    "RSD": 101.711502,
    "RUB": 58.3194,
    "RWF": 840,
    "SAR": 3.7512,
    "SBD": 7.800511,
    "SCR": 13.94344,
    "SDG": 6.68,
    "SEK": 8.389004,
    "SGD": 1.359217,
    "SHP": 0.765241,
    "SLL": 7643.328121,
    "SOS": 594,
    "SRD": 7.448,
    "SSP": 130.2634,
    "STD": 20889.099895,
    "SVC": 8.740438,
    "SYP": 514.98999,
    "SZL": 13.985,
    "THB": 33.093,
    "TJS": 8.81295,
    "TMT": 3.50998,
    "TND": 2.508601,
    "TOP": 2.257082,
    "TRY": 3.807064,
    "TTD": 6.722631,
    "TWD": 30.1985,
    "TZS": 2306.6,
    "UAH": 26.909491,
    "UGX": 3651,
    "USD": 1,
    "UYU": 29.244046,
    "UZS": 8090,
    "VEF": 10.98415,
    "VND": 22713.419974,
    "VUV": 106.416666,
    "WST": 2.551773,
    "XAF": 561.967932,
    "XAG": 0.05839424,
    "XAU": 0.00078197,
    "XCD": 2.70255,
    "XDR": 0.712151,
    "XOF": 561.967932,
    "XPD": 0.00100412,
    "XPF": 102.233245,
    "XPT": 0.00107558,
    "YER": 250.25,
    "ZAR": 14.023291,
    "ZMW": 10.0505,
    "ZWL": 322.355011
  }
}